{
    "ljung_box": {
        "10": {
            "lb_stat": 6794.09937796286,
            "lb_pvalue": 0.0
        },
        "20": {
            "lb_stat": 7125.508797329034,
            "lb_pvalue": 0.0
        },
        "40": {
            "lb_stat": 7694.7997856891025,
            "lb_pvalue": 0.0
        },
        "80": {
            "lb_stat": 8828.551444858205,
            "lb_pvalue": 0.0
        }
    },
    "jarque_bera": {
        "statistic": 39712.27374348346,
        "p_value": 0.0,
        "skewness": 0.031728113041542945,
        "kurtosis": 8.196044581982903
    }
}