{
    "ljung_box": {
        "10": {
            "lb_stat": 7058.169558639059,
            "lb_pvalue": 0.0
        },
        "20": {
            "lb_stat": 7341.687566957088,
            "lb_pvalue": 0.0
        },
        "40": {
            "lb_stat": 7891.670614452607,
            "lb_pvalue": 0.0
        },
        "80": {
            "lb_stat": 9077.817313819405,
            "lb_pvalue": 0.0
        }
    },
    "jarque_bera": {
        "statistic": 50521.33852137903,
        "p_value": 0.0,
        "skewness": 0.09807346215237442,
        "kurtosis": 8.85783274221739
    }
}