{
    "ljung_box": {
        "10": {
            "lb_stat": 8937.702741449024,
            "lb_pvalue": 0.0
        },
        "20": {
            "lb_stat": 9120.512861815474,
            "lb_pvalue": 0.0
        },
        "40": {
            "lb_stat": 9902.255354286805,
            "lb_pvalue": 0.0
        },
        "80": {
            "lb_stat": 11062.77683230687,
            "lb_pvalue": 0.0
        }
    },
    "jarque_bera": {
        "statistic": 56611.552514094816,
        "p_value": 0.0,
        "skewness": 0.008215605820649277,
        "kurtosis": 9.204315652999728
    }
}