{
    "ljung_box": {
        "10": {
            "lb_stat": 7101.895692617495,
            "lb_pvalue": 0.0
        },
        "20": {
            "lb_stat": 7318.209578567028,
            "lb_pvalue": 0.0
        },
        "40": {
            "lb_stat": 8042.021838099963,
            "lb_pvalue": 0.0
        },
        "80": {
            "lb_stat": 9217.923272427217,
            "lb_pvalue": 0.0
        }
    },
    "jarque_bera": {
        "statistic": 32311.771589602093,
        "p_value": 0.0,
        "skewness": 0.004074929897710906,
        "kurtosis": 7.687298420514732
    }
}