{
    "ljung_box": {
        "10": {
            "lb_stat": 10778.655918750117,
            "lb_pvalue": 0.0
        },
        "20": {
            "lb_stat": 11101.238761016635,
            "lb_pvalue": 0.0
        },
        "40": {
            "lb_stat": 12042.573659527354,
            "lb_pvalue": 0.0
        },
        "80": {
            "lb_stat": 13645.951767093638,
            "lb_pvalue": 0.0
        }
    },
    "jarque_bera": {
        "statistic": 227564.72697507482,
        "p_value": 0.0,
        "skewness": -0.2344509193125144,
        "kurtosis": 15.447405330342164
    }
}