{
    "ljung_box": {
        "10": {
            "lb_stat": 10703.501110601197,
            "lb_pvalue": 0.0
        },
        "20": {
            "lb_stat": 11091.93826447108,
            "lb_pvalue": 0.0
        },
        "40": {
            "lb_stat": 12051.239497408656,
            "lb_pvalue": 0.0
        },
        "80": {
            "lb_stat": 13754.385984341949,
            "lb_pvalue": 0.0
        }
    },
    "jarque_bera": {
        "statistic": 112321.89263772109,
        "p_value": 0.0,
        "skewness": -0.07328251862652496,
        "kurtosis": 11.749950131656924
    }
}