{
    "ljung_box": {
        "10": {
            "lb_stat": 12596.250983025533,
            "lb_pvalue": 0.0
        },
        "20": {
            "lb_stat": 12994.052575526603,
            "lb_pvalue": 0.0
        },
        "40": {
            "lb_stat": 13705.031179875432,
            "lb_pvalue": 0.0
        },
        "80": {
            "lb_stat": 14534.649235876906,
            "lb_pvalue": 0.0
        }
    },
    "jarque_bera": {
        "statistic": 110590.85599277563,
        "p_value": 0.0,
        "skewness": 0.15466476985044889,
        "kurtosis": 11.666146015567765
    }
}