{
    "ljung_box": {
        "10": {
            "lb_stat": 12076.2673664137,
            "lb_pvalue": 0.0
        },
        "20": {
            "lb_stat": 12423.633275753751,
            "lb_pvalue": 0.0
        },
        "40": {
            "lb_stat": 13157.473054868178,
            "lb_pvalue": 0.0
        },
        "80": {
            "lb_stat": 13996.487486615943,
            "lb_pvalue": 0.0
        }
    },
    "jarque_bera": {
        "statistic": 99940.01584918509,
        "p_value": 0.0,
        "skewness": 0.007243570939642363,
        "kurtosis": 11.243505116285212
    }
}