{
    "ljung_box": {
        "10": {
            "lb_stat": 14733.656250942091,
            "lb_pvalue": 0.0
        },
        "20": {
            "lb_stat": 15577.61717583785,
            "lb_pvalue": 0.0
        },
        "40": {
            "lb_stat": 17083.021517376863,
            "lb_pvalue": 0.0
        },
        "80": {
            "lb_stat": 20227.988534356173,
            "lb_pvalue": 0.0
        }
    },
    "jarque_bera": {
        "statistic": 166664.13983890176,
        "p_value": 0.0,
        "skewness": 0.33549781278994684,
        "kurtosis": 13.624280490011985
    }
}