{
    "ljung_box": {
        "10": {
            "lb_stat": 14919.836842017332,
            "lb_pvalue": 0.0
        },
        "20": {
            "lb_stat": 15751.937056255196,
            "lb_pvalue": 0.0
        },
        "40": {
            "lb_stat": 17296.3519857154,
            "lb_pvalue": 0.0
        },
        "80": {
            "lb_stat": 20430.00443294233,
            "lb_pvalue": 0.0
        }
    },
    "jarque_bera": {
        "statistic": 160741.65741789472,
        "p_value": 0.0,
        "skewness": 0.3332828419926927,
        "kurtosis": 13.433321042692302
    }
}