{
    "ljung_box": {
        "10": {
            "lb_stat": 8384.562772942727,
            "lb_pvalue": 0.0
        },
        "20": {
            "lb_stat": 8581.731583021816,
            "lb_pvalue": 0.0
        },
        "40": {
            "lb_stat": 9445.310224681578,
            "lb_pvalue": 0.0
        },
        "80": {
            "lb_stat": 10499.347951278454,
            "lb_pvalue": 0.0
        }
    },
    "jarque_bera": {
        "statistic": 39380.92293448317,
        "p_value": 0.0,
        "skewness": -0.13809508242697352,
        "kurtosis": 8.174393516765921
    }
}