{
    "ljung_box": {
        "10": {
            "lb_stat": 7025.886388216901,
            "lb_pvalue": 0.0
        },
        "20": {
            "lb_stat": 7191.844283381444,
            "lb_pvalue": 0.0
        },
        "40": {
            "lb_stat": 7901.191668140399,
            "lb_pvalue": 0.0
        },
        "80": {
            "lb_stat": 9080.55724627703,
            "lb_pvalue": 0.0
        }
    },
    "jarque_bera": {
        "statistic": 22422.621515498093,
        "p_value": 0.0,
        "skewness": -0.0003106872459795703,
        "kurtosis": 6.910006476617129
    }
}