{
    "ljung_box": {
        "10": {
            "lb_stat": 11934.314182972155,
            "lb_pvalue": 0.0
        },
        "20": {
            "lb_stat": 12301.72305153357,
            "lb_pvalue": 0.0
        },
        "40": {
            "lb_stat": 13756.352833883808,
            "lb_pvalue": 0.0
        },
        "80": {
            "lb_stat": 15864.402304823963,
            "lb_pvalue": 0.0
        }
    },
    "jarque_bera": {
        "statistic": 174028.58084402254,
        "p_value": 0.0,
        "skewness": -0.055818709115400336,
        "kurtosis": 13.89235455089122
    }
}