{
    "ljung_box": {
        "10": {
            "lb_stat": 11985.402298435867,
            "lb_pvalue": 0.0
        },
        "20": {
            "lb_stat": 12323.96029901609,
            "lb_pvalue": 0.0
        },
        "40": {
            "lb_stat": 13790.68268268564,
            "lb_pvalue": 0.0
        },
        "80": {
            "lb_stat": 15829.584674478472,
            "lb_pvalue": 0.0
        }
    },
    "jarque_bera": {
        "statistic": 190567.12529048408,
        "p_value": 0.0,
        "skewness": -0.07347306246659509,
        "kurtosis": 14.397830395134095
    }
}