{
    "ljung_box": {
        "10": {
            "lb_stat": 9976.13947482668,
            "lb_pvalue": 0.0
        },
        "20": {
            "lb_stat": 10209.609708835538,
            "lb_pvalue": 0.0
        },
        "40": {
            "lb_stat": 11020.507526967343,
            "lb_pvalue": 0.0
        },
        "80": {
            "lb_stat": 12532.519679174127,
            "lb_pvalue": 0.0
        }
    },
    "jarque_bera": {
        "statistic": 37241.25218625021,
        "p_value": 0.0,
        "skewness": -0.07070113659648211,
        "kurtosis": 8.03703963170803
    }
}