{
    "ljung_box": {
        "10": {
            "lb_stat": 10590.669045825469,
            "lb_pvalue": 0.0
        },
        "20": {
            "lb_stat": 10811.882388752696,
            "lb_pvalue": 0.0
        },
        "40": {
            "lb_stat": 11731.534088896313,
            "lb_pvalue": 0.0
        },
        "80": {
            "lb_stat": 13191.830801192304,
            "lb_pvalue": 0.0
        }
    },
    "jarque_bera": {
        "statistic": 51852.347271492545,
        "p_value": 0.0,
        "skewness": -0.10702052078933318,
        "kurtosis": 8.942058529850907
    }
}